{"stats":{"minecraft:picked_up":{"minecraft:shulker_shell":16,"minecraft:light_blue_concrete":2,"minecraft:redstone_block":66,"minecraft:suspicious_stew":281,"minecraft:lead":322,"minecraft:wither_rose":105,"minecraft:potion":64,"minecraft:birch_button":1,"minecraft:brewing_stand":182,"minecraft:string":480,"minecraft:armor_stand":1,"minecraft:netherite_ingot":63,"minecraft:pufferfish":425,"minecraft:experience_bottle":2,"minecraft:oak_sign":9,"minecraft:activator_rail":128,"minecraft:gold_nugget":111,"minecraft:bucket":2,"minecraft:written_book":2,"minecraft:ender_eye":203,"minecraft:enchanted_golden_apple":329,"minecraft:furnace":8,"minecraft:stick":41,"minecraft:oak_fence":16,"minecraft:torch":1,"minecraft:rabbit_foot":96,"minecraft:rotten_flesh":3,"minecraft:iron_block":2,"minecraft:glowstone":579,"minecraft:blaze_rod":558,"minecraft:cod":17,"minecraft:blaze_powder":36,"minecraft:cobblestone":4958,"minecraft:nautilus_shell":536,"minecraft:magma_cream":98,"minecraft:water_bucket":71,"minecraft:beacon":74,"minecraft:wither_skeleton_skull":2,"minecraft:dirt":34,"minecraft:name_tag":2,"minecraft:glass":331,"minecraft:bow":247,"minecraft:glowstone_dust":230,"minecraft:prismarine":282,"minecraft:oak_planks":6004,"minecraft:sand":4845,"minecraft:diamond_block":1,"minecraft:fermented_spider_eye":2,"minecraft:spectral_arrow":1945,"minecraft:trapped_chest":2,"minecraft:dark_prismarine":862,"minecraft:black_concrete_powder":4,"minecraft:sugar":8,"minecraft:diamond":126,"minecraft:lever":1,"minecraft:golden_apple":1,"minecraft:bread":4608,"minecraft:chorus_fruit":7,"minecraft:netherrack":128,"minecraft:nether_star":10,"minecraft:diamond_pickaxe":72,"minecraft:crafting_table":2,"minecraft:azure_bluet":67,"minecraft:splash_potion":2617,"minecraft:nether_wart":382,"minecraft:structure_block":2,"minecraft:brown_mushroom":163,"minecraft:gold_block":11439,"minecraft:conduit":2,"minecraft:oak_trapdoor":1,"minecraft:item_frame":1,"minecraft:detector_rail":128,"minecraft:oak_boat":158,"minecraft:poppy":1,"minecraft:sugar_cane":191,"minecraft:chest":190,"minecraft:piston":1,"minecraft:phantom_membrane":95,"minecraft:end_stone":64,"minecraft:stone":4,"minecraft:oak_door":5,"minecraft:bowl":39,"minecraft:stone_button":1,"minecraft:carrot":95,"minecraft:redstone":157,"minecraft:stone_pressure_plate":1,"minecraft:tnt":46,"minecraft:arrow":313,"minecraft:nether_bricks":1,"minecraft:gold_ingot":244,"minecraft:totem_of_undying":1,"minecraft:white_shulker_box":7,"minecraft:rail":206,"minecraft:golden_carrot":1,"minecraft:red_mushroom":67,"minecraft:end_portal_frame":1,"minecraft:filled_map":1,"minecraft:bedrock":1,"minecraft:gunpowder":386,"minecraft:paper":1,"minecraft:acacia_trapdoor":1,"minecraft:heart_of_the_sea":68,"minecraft:iron_ingot":5,"minecraft:glass_bottle":26,"minecraft:soul_sand":1,"minecraft:endermite_spawn_egg":2,"minecraft:sea_lantern":63,"minecraft:spider_eye":95,"minecraft:diamond_shovel":71,"minecraft:slime_ball":93,"minecraft:diamond_axe":71,"minecraft:birch_sign":1,"minecraft:warped_nylium":1,"minecraft:coal":4669},"minecraft:used":{"minecraft:writable_book":7,"minecraft:dispenser":9,"minecraft:ladder":8,"minecraft:oak_sign":60,"minecraft:donkey_spawn_egg":1,"minecraft:chest":40,"minecraft:stone":1897,"minecraft:zombie_spawn_egg":2,"minecraft:white_shulker_box":34,"minecraft:vex_spawn_egg":37,"minecraft:player_head":8,"minecraft:debug_stick":2,"minecraft:soul_sand":176,"minecraft:nether_bricks":254,"minecraft:carrot":2,"minecraft:orange_wool":3,"minecraft:milk_bucket":17,"minecraft:obsidian":48,"minecraft:spruce_boat":1,"minecraft:glass":303,"minecraft:lava_bucket":19,"minecraft:red_wool":18,"minecraft:grass_block":92,"minecraft:orange_shulker_box":6,"minecraft:stone_bricks":19,"minecraft:item_frame":5,"minecraft:slime_spawn_egg":29,"minecraft:bedrock":176,"minecraft:birch_button":2,"minecraft:repeater":10,"minecraft:dolphin_spawn_egg":22,"minecraft:bow":290,"minecraft:written_book":3,"minecraft:furnace":34,"minecraft:gold_block":5186,"minecraft:end_stone_brick_stairs":2,"minecraft:mossy_stone_bricks":3,"minecraft:end_rod":1,"minecraft:damaged_anvil":1,"minecraft:end_stone_bricks":110,"minecraft:wither_skeleton_skull":84,"minecraft:acacia_trapdoor":1,"minecraft:prismarine":156,"minecraft:oak_planks":530,"minecraft:ender_pearl":2,"minecraft:redstone_block":267,"minecraft:diamond_axe":144,"minecraft:purpur_pillar":1,"minecraft:oak_leaves":7,"minecraft:white_wool":4,"minecraft:sand":269,"minecraft:light_blue_concrete":29,"minecraft:shulker_spawn_egg":5,"minecraft:black_concrete_powder":45,"minecraft:end_stone":200,"minecraft:redstone_torch":1,"minecraft:sticky_piston":2,"minecraft:lever":9,"minecraft:black_concrete":116,"minecraft:firework_rocket":31,"minecraft:bread":1,"minecraft:string":21,"minecraft:barrier":128,"minecraft:lectern":8,"minecraft:gravel":14,"minecraft:soul_lantern":2,"minecraft:pufferfish":107,"minecraft:evoker_spawn_egg":1,"minecraft:nether_wart_block":18,"minecraft:andesite":5,"minecraft:birch_log":1,"minecraft:chain":2,"minecraft:oak_boat":152,"minecraft:oak_fence":55,"minecraft:purpur_block":76,"minecraft:oak_trapdoor":48,"minecraft:netherite_sword":20,"minecraft:acacia_log":10,"minecraft:carved_pumpkin":6,"minecraft:armor_stand":31,"minecraft:redstone":40,"minecraft:structure_block":40,"minecraft:netherrack":696,"minecraft:oak_door":22,"minecraft:bee_spawn_egg":5,"minecraft:torch":11,"minecraft:brewing_stand":214,"minecraft:dirt":93,"minecraft:anvil":10,"minecraft:prismarine_bricks":98,"minecraft:cobblestone_wall":8,"minecraft:nether_brick_slab":3,"minecraft:shulker_box":1,"minecraft:nether_brick_stairs":1,"minecraft:red_shulker_box":7,"minecraft:sea_lantern":143,"minecraft:iron_axe":1,"minecraft:iron_block":22,"minecraft:crimson_planks":1,"minecraft:glowstone":140,"minecraft:trapped_chest":2,"minecraft:stone_pressure_plate":7,"minecraft:zombified_piglin_spawn_egg":7,"minecraft:observer":9,"minecraft:enchanted_golden_apple":225,"minecraft:water_bucket":215,"minecraft:nether_brick_wall":32,"minecraft:lead":10,"minecraft:glass_bottle":526,"minecraft:yellow_shulker_box":1,"minecraft:lime_wool":7,"minecraft:cartography_table":1,"minecraft:magenta_stained_glass":12,"minecraft:beacon":48,"minecraft:conduit":25,"minecraft:cracked_stone_bricks":5,"minecraft:polished_blackstone_pressure_plate":3,"minecraft:diamond_block":156,"minecraft:rail":17,"minecraft:tnt":158,"minecraft:crafting_table":26,"minecraft:birch_sign":45,"minecraft:endermite_spawn_egg":61,"minecraft:mushroom_stem":1,"minecraft:bat_spawn_egg":27,"minecraft:oak_log":45,"minecraft:piston":31,"minecraft:dark_prismarine":1043,"minecraft:ender_eye":24,"minecraft:black_wool":17,"minecraft:diamond_pickaxe":429,"minecraft:diamond_shovel":75,"minecraft:command_block":63,"minecraft:oak_button":1,"minecraft:suspicious_stew":93,"minecraft:map":3,"minecraft:crimson_nylium":1,"minecraft:yellow_wool":3,"minecraft:stone_axe":10,"minecraft:cobblestone":788,"minecraft:potion":2,"minecraft:end_crystal":4,"minecraft:magenta_glazed_terracotta":1,"minecraft:bucket":170,"minecraft:chain_command_block":10,"minecraft:lapis_block":132,"minecraft:glass_pane":1,"minecraft:repeating_command_block":15,"minecraft:end_portal_frame":28,"minecraft:wither_rose":53,"minecraft:splash_potion":2533},"minecraft:killed":{"minecraft:dolphin":1,"minecraft:shulker":8,"minecraft:bee":5,"minecraft:evoker":1,"minecraft:vex":49,"minecraft:endermite":14,"minecraft:slime":22,"minecraft:bat":26},"minecraft:mined":{"minecraft:brewing_stand":8,"minecraft:grass_block":23,"minecraft:glowstone":26,"minecraft:white_shulker_box":2,"minecraft:beacon":6,"minecraft:chest":1,"minecraft:glass":12,"minecraft:cobblestone":126,"minecraft:prismarine":10,"minecraft:oak_planks":130,"minecraft:black_concrete_powder":1,"minecraft:tnt":52,"minecraft:wither_rose":12,"minecraft:sand":57,"minecraft:dirt":17,"minecraft:wither_skeleton_skull":1,"minecraft:piston":1,"minecraft:dark_prismarine":10,"minecraft:redstone_wire":4,"minecraft:oak_trapdoor":1,"minecraft:acacia_trapdoor":1,"minecraft:gold_block":245,"minecraft:oak_fence":1,"minecraft:crafting_table":1,"minecraft:trapped_chest":1,"minecraft:grass_path":1},"minecraft:custom":{"minecraft:interact_with_crafting_table":241,"minecraft:open_shulker_box":533,"minecraft:leave_game":34,"minecraft:time_since_death":179,"minecraft:damage_resisted":4918,"minecraft:sprint_one_cm":2869889,"minecraft:drop":935,"minecraft:deaths":706,"minecraft:jump":20536,"minecraft:interact_with_brewingstand":1064,"minecraft:walk_on_water_one_cm":235088,"minecraft:interact_with_furnace":133,"minecraft:interact_with_cartography_table":1,"minecraft:play_one_minute":1641300,"minecraft:damage_dealt":8152,"minecraft:interact_with_beacon":183,"minecraft:crouch_one_cm":158510,"minecraft:inspect_dispenser":17,"minecraft:mob_kills":196,"minecraft:interact_with_anvil":18,"minecraft:climb_one_cm":2389,"minecraft:walk_one_cm":1690729,"minecraft:sneak_time":104349,"minecraft:walk_under_water_one_cm":562945,"minecraft:boat_one_cm":31709,"minecraft:interact_with_lectern":9,"minecraft:time_since_rest":179,"minecraft:damage_taken":18837,"minecraft:damage_absorbed":17940,"minecraft:trigger_trapped_chest":31,"minecraft:swim_one_cm":1163978,"minecraft:fly_one_cm":5543675,"minecraft:open_chest":548,"minecraft:aviate_one_cm":63700,"minecraft:fall_one_cm":202346},"minecraft:dropped":{"minecraft:shulker_spawn_egg":63,"minecraft:evoker_spawn_egg":1,"minecraft:crimson_nylium":64,"minecraft:repeating_command_block":1,"minecraft:soul_sand":2,"minecraft:piston":126,"minecraft:brown_mushroom":1,"minecraft:diamond_axe":1,"minecraft:glass_bottle":44,"minecraft:nether_star":9,"minecraft:crafting_table":1,"minecraft:cracked_stone_bricks":2,"minecraft:bedrock":22,"minecraft:rail":128,"minecraft:red_mushroom":1,"minecraft:cod":1,"minecraft:gold_block":17,"minecraft:dirt":2,"minecraft:stone_button":1,"minecraft:conduit":2,"minecraft:gold_nugget":143,"minecraft:wooden_sword":1,"minecraft:sand":337,"minecraft:sugar":6,"minecraft:black_concrete":4,"minecraft:fermented_spider_eye":1,"minecraft:gold_ingot":92,"minecraft:armor_stand":16,"minecraft:oak_door":1,"minecraft:purpur_block":5,"minecraft:sugar_cane":1,"minecraft:diamond_block":5,"minecraft:detector_rail":128,"minecraft:obsidian":1,"minecraft:oak_planks":1360,"minecraft:end_stone":132,"minecraft:enchanted_golden_apple":1,"minecraft:glowstone_dust":30,"minecraft:diamond_shovel":2,"minecraft:prismarine":32,"minecraft:blaze_powder":37,"minecraft:endermite_spawn_egg":2,"minecraft:shulker_shell":1,"minecraft:sea_lantern":64,"minecraft:gunpowder":1,"minecraft:glowstone":6,"minecraft:chest":34,"minecraft:end_stone_bricks":1,"minecraft:arrow":1,"minecraft:powered_rail":64,"minecraft:glass":8,"minecraft:prismarine_bricks":2,"minecraft:chain_command_block":4,"minecraft:splash_potion":1,"minecraft:netherrack":65,"minecraft:water_bucket":6,"minecraft:iron_ingot":5,"minecraft:bread":128,"minecraft:oak_fence":19,"minecraft:lead":19,"minecraft:barrier":5,"minecraft:cobblestone":474,"minecraft:spectral_arrow":6,"minecraft:command_block":9,"minecraft:activator_rail":128,"minecraft:grass_block":65,"minecraft:acacia_trapdoor":1,"minecraft:coal":288,"minecraft:stick":38,"minecraft:pufferfish":2,"minecraft:lava_bucket":1,"minecraft:iron_block":3,"minecraft:bee_spawn_egg":1,"minecraft:milk_bucket":1,"minecraft:brewing_stand":64,"minecraft:torch":64,"minecraft:repeater":256,"minecraft:potion":58,"minecraft:wither_rose":5,"minecraft:iron_axe":1,"minecraft:string":12,"minecraft:bucket":26,"minecraft:trapped_chest":1,"minecraft:lapis_block":2,"minecraft:redstone_block":259,"minecraft:redstone":89,"minecraft:purpur_pillar":1,"minecraft:furnace":6,"minecraft:warped_nylium":1,"minecraft:oak_trapdoor":128,"minecraft:nether_wart":6,"minecraft:blaze_rod":10,"minecraft:bowl":51,"minecraft:experience_bottle":2,"minecraft:wither_skeleton_skull":2,"minecraft:structure_block":14,"minecraft:ender_eye":259,"minecraft:name_tag":2,"minecraft:white_shulker_box":4,"minecraft:light_blue_concrete":2,"minecraft:nether_bricks":6,"minecraft:totem_of_undying":1,"minecraft:oak_sign":52,"minecraft:glass_pane":64,"minecraft:suspicious_stew":2,"minecraft:filled_map":3,"minecraft:stone":75,"minecraft:black_concrete_powder":3,"minecraft:diamond_pickaxe":2,"minecraft:mossy_stone_bricks":2,"minecraft:end_portal_frame":1,"minecraft:carved_pumpkin":1,"minecraft:stone_pressure_plate":64,"minecraft:stone_bricks":2,"minecraft:barrel":1,"minecraft:slime_ball":2,"minecraft:beacon":128,"minecraft:bow":5,"minecraft:magma_cream":5,"minecraft:dark_prismarine":17},"minecraft:killed_by":{"minecraft:dolphin":1,"minecraft:player":7,"minecraft:shulker":150},"minecraft:crafted":{"minecraft:blaze_powder":317,"minecraft:suspicious_stew":22,"minecraft:glass":460,"minecraft:bow":19,"minecraft:chest":9,"minecraft:oak_fence":51,"minecraft:glass_bottle":591,"minecraft:crafting_table":21,"minecraft:brewing_stand":59,"minecraft:spectral_arrow":61,"minecraft:golden_leggings":4,"minecraft:stick":180,"minecraft:gold_ingot":207,"minecraft:golden_carrot":55,"minecraft:oak_door":6,"minecraft:furnace":34,"minecraft:oak_trapdoor":2,"minecraft:lead":37,"minecraft:sugar":116,"minecraft:bowl":76,"minecraft:conduit":21,"minecraft:glowstone":1,"minecraft:air":0,"minecraft:oak_boat":15,"minecraft:gold_nugget":603,"minecraft:fermented_spider_eye":56}},"DataVersion":2567}