{"stats":{"minecraft:picked_up":{"minecraft:crafting_table":1,"minecraft:azure_bluet":32,"minecraft:splash_potion":380,"minecraft:nether_wart":180,"minecraft:suspicious_stew":39,"minecraft:brown_mushroom":76,"minecraft:lead":1636,"minecraft:wither_rose":34,"minecraft:gold_block":2813,"minecraft:brewing_stand":48,"minecraft:cod_bucket":2,"minecraft:string":196,"minecraft:elytra":2,"minecraft:flint_and_steel":2,"minecraft:pufferfish":116,"minecraft:gold_nugget":2,"minecraft:oak_boat":1,"minecraft:ender_eye":24,"minecraft:enchanted_golden_apple":46,"minecraft:chest":58,"minecraft:sugar_cane":88,"minecraft:phantom_membrane":45,"minecraft:bowl":3,"minecraft:stone_button":1,"minecraft:carrot":44,"minecraft:redstone":65,"minecraft:rabbit_foot":45,"minecraft:arrow":32,"minecraft:repeating_command_block":2,"minecraft:gold_ingot":27,"minecraft:blaze_rod":260,"minecraft:blaze_powder":2,"minecraft:cod":7,"minecraft:cobblestone":2170,"minecraft:nautilus_shell":256,"minecraft:golden_carrot":1,"minecraft:repeater":1,"minecraft:magma_cream":45,"minecraft:water_bucket":33,"minecraft:beacon":32,"minecraft:red_mushroom":32,"minecraft:gunpowder":168,"minecraft:dirt":59,"minecraft:name_tag":2,"minecraft:glass":146,"minecraft:apple":25,"minecraft:heart_of_the_sea":32,"minecraft:glass_bottle":12,"minecraft:glowstone_dust":128,"minecraft:prismarine":512,"minecraft:oak_planks":2260,"minecraft:sand":1127,"minecraft:white_bed":4,"minecraft:fermented_spider_eye":1,"minecraft:spectral_arrow":2,"minecraft:spider_eye":44,"minecraft:shulker_box":2,"minecraft:firework_rocket":128,"minecraft:diamond_shovel":33,"minecraft:dispenser":1,"minecraft:sugar":1,"minecraft:slime_ball":28,"minecraft:lever":1,"minecraft:diamond_axe":33,"minecraft:birch_sign":1,"minecraft:bread":2048,"minecraft:coal":2048,"minecraft:diamond_pickaxe":33,"minecraft:ender_pearl":32},"minecraft:mined":{"minecraft:grass_block":24,"minecraft:gold_block":1,"minecraft:crafting_table":1,"minecraft:cobblestone":6,"minecraft:sand":2,"minecraft:dirt":12},"minecraft:custom":{"minecraft:mob_kills":9,"minecraft:interact_with_anvil":3,"minecraft:interact_with_crafting_table":18,"minecraft:open_shulker_box":5,"minecraft:leave_game":7,"minecraft:time_since_death":320,"minecraft:damage_resisted":596,"minecraft:sprint_one_cm":306740,"minecraft:walk_one_cm":243535,"minecraft:drop":41,"minecraft:deaths":847,"minecraft:sneak_time":10603,"minecraft:walk_under_water_one_cm":44563,"minecraft:boat_one_cm":5396,"minecraft:jump":1901,"minecraft:interact_with_brewingstand":81,"minecraft:walk_on_water_one_cm":27452,"minecraft:interact_with_furnace":9,"minecraft:play_one_minute":220189,"minecraft:time_since_rest":320,"minecraft:damage_taken":836,"minecraft:damage_absorbed":1968,"minecraft:damage_dealt":218,"minecraft:interact_with_beacon":4,"minecraft:swim_one_cm":14811,"minecraft:fly_one_cm":1426579,"minecraft:open_chest":43,"minecraft:crouch_one_cm":11610,"minecraft:fall_one_cm":9167,"minecraft:inspect_dispenser":3},"minecraft:killed":{"minecraft:endermite":9},"minecraft:dropped":{"minecraft:glass_bottle":12,"minecraft:lead":2,"minecraft:cobblestone":121,"minecraft:spectral_arrow":2,"minecraft:pufferfish":2,"minecraft:gold_block":128,"minecraft:dirt":1,"minecraft:brewing_stand":8,"minecraft:golden_carrot":1,"minecraft:dispenser":1,"minecraft:gold_nugget":2,"minecraft:wither_rose":1,"minecraft:phantom_membrane":1,"minecraft:sugar":1,"minecraft:fermented_spider_eye":1,"minecraft:gold_ingot":15,"minecraft:armor_stand":1,"minecraft:redstone":1,"minecraft:lever":1,"minecraft:nether_wart":4,"minecraft:bowl":3,"minecraft:oak_planks":226,"minecraft:enchanted_golden_apple":1,"minecraft:diamond_shovel":1,"minecraft:blaze_powder":2,"minecraft:rabbit_foot":1,"minecraft:suspicious_stew":1,"minecraft:gunpowder":4,"minecraft:glass":2,"minecraft:magma_cream":1},"minecraft:used":{"minecraft:oak_trapdoor":5,"minecraft:oak_fence":4,"minecraft:purpur_block":100,"minecraft:nether_brick_fence":4,"minecraft:blue_terracotta":14,"minecraft:iron_bars":3,"minecraft:armor_stand":19,"minecraft:dispenser":6,"minecraft:redstone":13,"minecraft:oak_sign":5,"minecraft:chest":13,"minecraft:stone":10,"minecraft:warped_sign":1,"minecraft:player_head":2,"minecraft:netherrack":18,"minecraft:orange_stained_glass":1,"minecraft:torch":2,"minecraft:brewing_stand":19,"minecraft:soul_sand":11,"minecraft:dirt":151,"minecraft:anvil":2,"minecraft:prismarine_bricks":37,"minecraft:nether_bricks":162,"minecraft:cobblestone_wall":11,"minecraft:nether_brick_slab":5,"minecraft:shulker_box":5,"minecraft:light_blue_stained_glass":24,"minecraft:blue_concrete":70,"minecraft:nether_brick_stairs":21,"minecraft:obsidian":2,"minecraft:crimson_button":1,"minecraft:brown_terracotta":5,"minecraft:quartz_slab":1,"minecraft:grass_block":108,"minecraft:polished_blackstone_brick_wall":21,"minecraft:item_frame":3,"minecraft:bedrock":105,"minecraft:birch_button":10,"minecraft:glowstone":2,"minecraft:repeater":9,"minecraft:soul_soil":6,"minecraft:furnace":5,"minecraft:gold_block":558,"minecraft:end_stone_brick_stairs":2,"minecraft:enchanted_golden_apple":16,"minecraft:crimson_stem":5,"minecraft:water_bucket":27,"minecraft:end_rod":2,"minecraft:nether_brick_wall":4,"minecraft:end_stone_bricks":34,"minecraft:wither_skeleton_skull":10,"minecraft:lead":19,"minecraft:glass_bottle":36,"minecraft:prismarine":53,"minecraft:redstone_block":5,"minecraft:magenta_stained_glass":4,"minecraft:beacon":5,"minecraft:diamond_axe":1,"minecraft:purpur_pillar":19,"minecraft:conduit":3,"minecraft:diamond_block":37,"minecraft:sand":17,"minecraft:purpur_stairs":18,"minecraft:crafting_table":4,"minecraft:crimson_trapdoor":1,"minecraft:birch_sign":21,"minecraft:endermite_spawn_egg":9,"minecraft:black_concrete_powder":52,"minecraft:end_stone":22,"minecraft:sticky_piston":3,"minecraft:piston":10,"minecraft:dark_prismarine":68,"minecraft:lever":3,"minecraft:diamond_pickaxe":8,"minecraft:black_concrete":22,"minecraft:diamond_shovel":35,"minecraft:command_block":34,"minecraft:stone_button":12,"minecraft:barrier":2,"minecraft:oak_button":1,"minecraft:suspicious_stew":16,"minecraft:cracked_nether_bricks":2,"minecraft:purpur_slab":1,"minecraft:red_terracotta":17,"minecraft:crimson_sign":1,"minecraft:pufferfish":16,"minecraft:nether_wart_block":12,"minecraft:cobblestone":39,"minecraft:bucket":2,"minecraft:chain_command_block":92,"minecraft:repeating_command_block":34,"minecraft:oak_boat":2,"minecraft:wither_rose":3,"minecraft:polished_blackstone_button":4,"minecraft:splash_potion":160},"minecraft:killed_by":{"minecraft:shulker":8},"minecraft:crafted":{"minecraft:golden_carrot":3,"minecraft:blaze_powder":18,"minecraft:furnace":5,"minecraft:lever":1,"minecraft:suspicious_stew":1,"minecraft:glass":14,"minecraft:bow":1,"minecraft:cobblestone_wall":6,"minecraft:lead":2,"minecraft:sugar":6,"minecraft:glass_bottle":36,"minecraft:crafting_table":2,"minecraft:bowl":4,"minecraft:conduit":1,"minecraft:brewing_stand":4,"minecraft:spectral_arrow":2,"minecraft:air":0,"minecraft:dispenser":1,"minecraft:gold_nugget":27,"minecraft:stick":8,"minecraft:fermented_spider_eye":3,"minecraft:gold_ingot":27}},"DataVersion":2567}