{"stats":{"minecraft:custom":{"minecraft:interact_with_anvil":1,"minecraft:mob_kills":39,"minecraft:interact_with_crafting_table":129,"minecraft:open_shulker_box":341,"minecraft:leave_game":15,"minecraft:time_since_death":68,"minecraft:damage_resisted":1249,"minecraft:sprint_one_cm":1095376,"minecraft:walk_one_cm":841324,"minecraft:drop":471,"minecraft:target_hit":10,"minecraft:play_time":677751,"minecraft:deaths":297,"minecraft:sneak_time":30798,"minecraft:walk_under_water_one_cm":135532,"minecraft:interact_with_lectern":6,"minecraft:boat_one_cm":2194,"minecraft:jump":8456,"minecraft:interact_with_brewingstand":216,"minecraft:walk_on_water_one_cm":59771,"minecraft:total_world_time":758669,"minecraft:interact_with_furnace":82,"minecraft:time_since_rest":69,"minecraft:damage_absorbed":4804,"minecraft:damage_taken":3950,"minecraft:trigger_trapped_chest":2,"minecraft:damage_dealt":62797,"minecraft:interact_with_beacon":21,"minecraft:swim_one_cm":112675,"minecraft:fly_one_cm":1629246,"minecraft:open_chest":28,"minecraft:crouch_one_cm":50966,"minecraft:aviate_one_cm":56391,"minecraft:fall_one_cm":77078,"minecraft:inspect_dispenser":13},"minecraft:mined":{"minecraft:dark_prismarine":7,"minecraft:brewing_stand":32,"minecraft:obsidian":3,"minecraft:grass_block":8,"minecraft:oak_pressure_plate":1,"minecraft:glowstone":20,"minecraft:furnace":24,"minecraft:fire":6,"minecraft:gold_block":116,"minecraft:white_shulker_box":26,"minecraft:crafting_table":7,"minecraft:beacon":2,"minecraft:cobblestone":23,"minecraft:oak_planks":79,"minecraft:sculk":1,"minecraft:mud":1,"minecraft:tnt":15,"minecraft:wither_rose":3,"minecraft:sand":141,"minecraft:dirt":126},"minecraft:picked_up":{"minecraft:mud":4,"minecraft:crafting_table":9,"minecraft:splash_potion":43,"minecraft:nether_wart":4,"minecraft:suspicious_stew":8,"minecraft:brown_mushroom":4,"minecraft:lead":12,"minecraft:wither_rose":15,"minecraft:gold_block":405,"minecraft:potion":52,"minecraft:brewing_stand":96,"minecraft:light":1,"minecraft:lapis_block":65,"minecraft:string":6,"minecraft:armor_stand":1,"minecraft:pufferfish":18,"minecraft:gold_nugget":9,"minecraft:bucket":1,"minecraft:enchanted_golden_apple":1,"minecraft:sugar_cane":16,"minecraft:chest":256,"minecraft:phantom_membrane":8,"minecraft:furnace":24,"minecraft:stick":20,"minecraft:bowl":4,"minecraft:recovery_compass":21,"minecraft:stone_button":1,"minecraft:pointed_dripstone":11,"minecraft:carrot":9,"minecraft:rabbit_foot":6,"minecraft:tnt":13,"minecraft:arrow":6,"minecraft:command_block":1,"minecraft:gold_ingot":7,"minecraft:oak_chest_boat":14,"minecraft:white_shulker_box":26,"minecraft:blaze_rod":6,"minecraft:obsidian":101,"minecraft:cod":3,"minecraft:cobblestone":96,"minecraft:nautilus_shell":16,"minecraft:yellow_shulker_box":3,"minecraft:barrier":1,"minecraft:water_bucket":4,"minecraft:beacon":67,"minecraft:red_mushroom":1,"minecraft:bat_spawn_egg":1,"minecraft:gunpowder":8,"minecraft:dirt":141,"minecraft:smooth_sandstone":64,"minecraft:glass":155,"minecraft:pearlescent_froglight":1,"minecraft:bow":1,"minecraft:glowstone_dust":58,"minecraft:oak_planks":189,"minecraft:sculk_catalyst":28,"minecraft:sculk":1,"minecraft:oak_pressure_plate":1,"minecraft:sand":723,"minecraft:grass_block":1,"minecraft:spectral_arrow":32,"minecraft:sea_lantern":64,"minecraft:spider_eye":5,"minecraft:dark_prismarine":7,"minecraft:sculk_sensor":2,"minecraft:sugar":1,"minecraft:slime_ball":2,"minecraft:stone_axe":1,"minecraft:bread":64,"minecraft:netherrack":1,"minecraft:coal":722,"minecraft:diamond_pickaxe":1,"minecraft:shulker_shell":7},"minecraft:killed":{"minecraft:dolphin":6,"minecraft:slime":1,"minecraft:shulker":6,"minecraft:warden":18,"minecraft:bat":1},"minecraft:dropped":{"minecraft:water_bucket":4,"minecraft:brown_mushroom":4,"minecraft:diamond_axe":1,"minecraft:clock":166,"minecraft:ender_pearl":16,"minecraft:crafting_table":2,"minecraft:warden_spawn_egg":1,"minecraft:barrier":5,"minecraft:cobblestone":73,"minecraft:lead":9,"minecraft:spectral_arrow":32,"minecraft:command_block":3,"minecraft:bedrock":4,"minecraft:grass_block":1,"minecraft:leather_helmet":1,"minecraft:red_mushroom":1,"minecraft:stick":20,"minecraft:pufferfish":18,"minecraft:gold_block":89,"minecraft:dirt":9,"minecraft:pearlescent_froglight":1,"minecraft:sculk":1,"minecraft:stone_button":66,"minecraft:sculk_catalyst":7,"minecraft:map":64,"minecraft:gold_nugget":19,"minecraft:wither_rose":11,"minecraft:phantom_membrane":8,"minecraft:sand":8,"minecraft:mud":3,"minecraft:sugar":1,"minecraft:string":6,"minecraft:smooth_sandstone":3,"minecraft:bucket":1,"minecraft:lapis_block":4,"minecraft:gold_ingot":7,"minecraft:stone_axe":6,"minecraft:sugar_cane":16,"minecraft:nether_wart":4,"minecraft:blaze_rod":6,"minecraft:bowl":4,"minecraft:obsidian":129,"minecraft:sculk_sensor":2,"minecraft:oak_planks":49,"minecraft:enchanted_golden_apple":1,"minecraft:structure_block":1,"minecraft:ender_eye":37,"minecraft:nether_bricks":1,"minecraft:rabbit_foot":6,"minecraft:recovery_compass":60,"minecraft:carrot":9,"minecraft:suspicious_stew":8,"minecraft:bat_spawn_egg":1,"minecraft:light":1,"minecraft:oak_chest_boat":1,"minecraft:sea_lantern":64,"minecraft:stone":2,"minecraft:gunpowder":8,"minecraft:diamond_pickaxe":2,"minecraft:chest":65,"minecraft:spider_eye":6,"minecraft:bow":9,"minecraft:arrow":6,"minecraft:nautilus_shell":16,"minecraft:netherrack":1},"minecraft:used":{"minecraft:oak_trapdoor":6,"minecraft:flint_and_steel":10,"minecraft:armor_stand":20,"minecraft:elytra":2,"minecraft:oak_sign":15,"minecraft:chest":7,"minecraft:stone":3,"minecraft:sculk":21,"minecraft:white_shulker_box":17,"minecraft:structure_block":8,"minecraft:netherrack":30,"minecraft:sculk_sensor":1,"minecraft:brewing_stand":40,"minecraft:dirt":143,"minecraft:anvil":9,"minecraft:target":2,"minecraft:prismarine_bricks":12,"minecraft:nether_bricks":2,"minecraft:nether_brick_slab":2,"minecraft:obsidian":648,"minecraft:warden_spawn_egg":21,"minecraft:glass":7,"minecraft:sea_lantern":37,"minecraft:grass_block":22,"minecraft:smooth_sandstone":157,"minecraft:slime_spawn_egg":18,"minecraft:item_frame":1,"minecraft:bedrock":9,"minecraft:glowstone":20,"minecraft:dolphin_spawn_egg":15,"minecraft:bow":54,"minecraft:furnace":38,"minecraft:netherite_pickaxe":27,"minecraft:gold_block":5793,"minecraft:pearlescent_froglight":1,"minecraft:enchanted_golden_apple":46,"minecraft:oak_chest_boat":7,"minecraft:pointed_dripstone":14,"minecraft:calcite":1,"minecraft:water_bucket":51,"minecraft:leather_leggings":91,"minecraft:end_stone_bricks":5,"minecraft:birch_planks":25,"minecraft:lead":1,"minecraft:glass_bottle":96,"minecraft:yellow_shulker_box":6,"minecraft:polished_andesite":61,"minecraft:oak_planks":601,"minecraft:ender_pearl":1,"minecraft:leather_chestplate":92,"minecraft:redstone_block":56,"minecraft:beacon":44,"minecraft:diamond_axe":94,"minecraft:leather_boots":91,"minecraft:conduit":8,"minecraft:glow_item_frame":6,"minecraft:sand":143,"minecraft:tnt":10,"minecraft:crafting_table":23,"minecraft:birch_sign":2,"minecraft:sculk_shrieker":1,"minecraft:shulker_spawn_egg":1,"minecraft:black_concrete_powder":2,"minecraft:end_stone":1,"minecraft:bat_spawn_egg":3,"minecraft:firework_rocket":3,"minecraft:dark_prismarine":152,"minecraft:light":4,"minecraft:diamond_pickaxe":227,"minecraft:diamond_shovel":277,"minecraft:command_block":20,"minecraft:stone_button":6,"minecraft:barrier":4,"minecraft:suspicious_stew":33,"minecraft:leather_helmet":116,"minecraft:oak_pressure_plate":1,"minecraft:pufferfish":37,"minecraft:stone_axe":3,"minecraft:fire_charge":8,"minecraft:potion":6,"minecraft:cobblestone":117,"minecraft:lapis_block":390,"minecraft:bucket":43,"minecraft:oak_boat":2,"minecraft:wither_rose":25,"minecraft:polished_blackstone_button":2,"minecraft:air":6,"minecraft:sculk_vein":29,"minecraft:sculk_catalyst":5,"minecraft:splash_potion":445},"minecraft:killed_by":{"minecraft:player":11,"minecraft:shulker":27,"minecraft:warden":5},"minecraft:crafted":{"minecraft:golden_carrot":11,"minecraft:oak_pressure_plate":1,"minecraft:blaze_powder":62,"minecraft:furnace":38,"minecraft:suspicious_stew":2,"minecraft:glass":62,"minecraft:bow":10,"minecraft:beacon":4,"minecraft:chest":1,"minecraft:sugar":18,"minecraft:glass_bottle":120,"minecraft:crafting_table":19,"minecraft:bowl":20,"minecraft:conduit":10,"minecraft:brewing_stand":36,"minecraft:spectral_arrow":12,"minecraft:air":0,"minecraft:oak_boat":1,"minecraft:oak_chest_boat":1,"minecraft:gold_nugget":117,"minecraft:stick":76,"minecraft:fermented_spider_eye":8,"minecraft:gold_ingot":117}},"DataVersion":3120}