{"stats":{"minecraft:killed":{"minecraft:dolphin":3,"minecraft:shulker":13,"minecraft:bee":5,"minecraft:zombie_villager":3,"minecraft:evoker":1,"minecraft:vex":49,"minecraft:endermite":14,"minecraft:slime":43,"minecraft:warden":9,"minecraft:bat":28,"minecraft:wither_skeleton":1,"minecraft:villager":39},"minecraft:used":{"minecraft:writable_book":8,"minecraft:dispenser":24,"minecraft:ladder":8,"minecraft:oak_sign":111,"minecraft:chest":89,"minecraft:donkey_spawn_egg":1,"minecraft:decorated_pot":4,"minecraft:stone":2016,"minecraft:zombie_spawn_egg":2,"minecraft:stripped_jungle_wood":2,"minecraft:white_shulker_box":83,"minecraft:exposed_copper_grate":6,"minecraft:vex_spawn_egg":37,"minecraft:player_head":9,"minecraft:debug_stick":5,"minecraft:soul_sand":197,"minecraft:weathered_copper":3,"minecraft:nether_bricks":292,"minecraft:crafter":2,"minecraft:carrot":2,"minecraft:orange_wool":3,"minecraft:obsidian":259,"minecraft:milk_bucket":22,"minecraft:warden_spawn_egg":9,"minecraft:spruce_boat":1,"minecraft:glass":324,"minecraft:honeycomb":32,"minecraft:lava_bucket":19,"minecraft:villager_spawn_egg":30,"minecraft:red_wool":18,"minecraft:grass_block":151,"minecraft:orange_shulker_box":6,"minecraft:warped_nylium":14,"minecraft:waxed_exposed_copper_bulb":1,"minecraft:repeater":10,"minecraft:stone_bricks":19,"minecraft:item_frame":6,"minecraft:slime_spawn_egg":70,"minecraft:birch_button":2,"minecraft:reinforced_deepslate":12,"minecraft:bedrock":220,"minecraft:vault":9,"minecraft:dolphin_spawn_egg":45,"minecraft:bow":407,"minecraft:written_book":5,"minecraft:ominous_bottle":65,"minecraft:furnace":169,"minecraft:gold_block":11625,"minecraft:end_stone_brick_stairs":2,"minecraft:damaged_anvil":1,"minecraft:mossy_stone_bricks":3,"minecraft:end_rod":1,"minecraft:end_stone_bricks":137,"minecraft:wither_skeleton_skull":90,"minecraft:acacia_trapdoor":1,"minecraft:prismarine":156,"minecraft:oak_planks":1200,"minecraft:ender_pearl":18,"minecraft:redstone_block":293,"minecraft:composter":1,"minecraft:diamond_axe":551,"minecraft:calibrated_sculk_sensor":1,"minecraft:purpur_pillar":1,"minecraft:oak_leaves":25,"minecraft:golden_apple":48,"minecraft:white_wool":4,"minecraft:sand":606,"minecraft:light_blue_concrete":29,"minecraft:black_concrete_powder":45,"minecraft:shulker_spawn_egg":6,"minecraft:end_stone":208,"minecraft:exposed_copper":3,"minecraft:redstone_torch":5,"minecraft:sticky_piston":2,"minecraft:lever":25,"minecraft:black_concrete":116,"minecraft:firework_rocket":31,"minecraft:bread":6,"minecraft:barrier":231,"minecraft:string":21,"minecraft:lectern":11,"minecraft:oak_pressure_plate":11,"minecraft:diamond_ore":9,"minecraft:gravel":14,"minecraft:soul_lantern":2,"minecraft:pufferfish":244,"minecraft:evoker_spawn_egg":1,"minecraft:nether_wart_block":19,"minecraft:diamond_sword":9,"minecraft:andesite":5,"minecraft:birch_log":1,"minecraft:chain":2,"minecraft:oak_boat":178,"minecraft:oak_fence":67,"minecraft:purpur_block":94,"minecraft:golden_pickaxe":27,"minecraft:oak_trapdoor":64,"minecraft:waxed_copper_bulb":1,"minecraft:trial_spawner":1,"minecraft:netherite_sword":29,"minecraft:acacia_log":10,"minecraft:carved_pumpkin":6,"minecraft:armor_stand":40,"minecraft:redstone":47,"minecraft:zombie_villager_spawn_egg":6,"minecraft:wither_skeleton_spawn_egg":18,"minecraft:sculk":6,"minecraft:trial_key":5,"minecraft:oak_door":22,"minecraft:netherrack":868,"minecraft:structure_block":69,"minecraft:bee_spawn_egg":5,"minecraft:torch":11,"minecraft:brewing_stand":395,"minecraft:dirt":472,"minecraft:anvil":16,"minecraft:hopper":4,"minecraft:prismarine_bricks":102,"minecraft:cobblestone_wall":8,"minecraft:nether_brick_slab":3,"minecraft:shulker_box":1,"minecraft:nether_brick_stairs":1,"minecraft:red_shulker_box":12,"minecraft:sea_lantern":222,"minecraft:oxidized_copper_grate":4,"minecraft:iron_block":22,"minecraft:iron_axe":1,"minecraft:slime_block":1,"minecraft:totem_of_undying":2,"minecraft:crimson_planks":41,"minecraft:glowstone":224,"minecraft:oxidized_copper":4,"minecraft:netherite_pickaxe":173,"minecraft:trapped_chest":4,"minecraft:stone_pressure_plate":26,"minecraft:zombified_piglin_spawn_egg":7,"minecraft:observer":9,"minecraft:enchanted_golden_apple":338,"minecraft:golden_axe":1,"minecraft:water_bucket":654,"minecraft:acacia_boat":3,"minecraft:nether_brick_wall":40,"minecraft:cartography_table":2,"minecraft:yellow_shulker_box":19,"minecraft:lead":10,"minecraft:glass_bottle":970,"minecraft:lime_wool":7,"minecraft:copper_block":6,"minecraft:spruce_sign":5,"minecraft:magenta_stained_glass":12,"minecraft:beacon":116,"minecraft:sheep_spawn_egg":1,"minecraft:cobblestone_slab":25,"minecraft:conduit":59,"minecraft:cracked_stone_bricks":5,"minecraft:polished_blackstone_pressure_plate":4,"minecraft:diamond_block":182,"minecraft:rail":20,"minecraft:tnt":433,"minecraft:crafting_table":99,"minecraft:oak_slab":2,"minecraft:birch_sign":45,"minecraft:endermite_spawn_egg":61,"minecraft:warped_planks":14,"minecraft:mushroom_stem":1,"minecraft:bat_spawn_egg":31,"minecraft:oak_log":45,"minecraft:black_wool":17,"minecraft:piston":31,"minecraft:dark_prismarine":1837,"minecraft:diamond_pickaxe":1124,"minecraft:ender_eye":24,"minecraft:diamond_shovel":780,"minecraft:command_block":123,"minecraft:wind_charge":2,"minecraft:oak_button":2,"minecraft:copper_grate":1,"minecraft:suspicious_stew":223,"minecraft:map":3,"minecraft:copper_bulb":1,"minecraft:crimson_nylium":1,"minecraft:yellow_wool":3,"minecraft:stone_axe":37,"minecraft:fishing_rod":5,"minecraft:cobblestone":1193,"minecraft:potion":3,"minecraft:end_crystal":4,"minecraft:bucket":553,"minecraft:angler_pottery_sherd":15,"minecraft:lapis_block":134,"minecraft:glass_pane":1,"minecraft:chain_command_block":10,"minecraft:magenta_glazed_terracotta":7,"minecraft:repeating_command_block":15,"minecraft:end_portal_frame":28,"minecraft:wither_rose":123,"minecraft:sculk_vein":4,"minecraft:sculk_catalyst":1,"minecraft:splash_potion":4388},"minecraft:crafted":{"minecraft:cobblestone_slab":54,"minecraft:blaze_powder":591,"minecraft:stone":7,"minecraft:suspicious_stew":28,"minecraft:glass":782,"minecraft:bow":38,"minecraft:beacon":10,"minecraft:chest":10,"minecraft:oak_fence":54,"minecraft:golden_axe":1,"minecraft:glass_bottle":1107,"minecraft:oak_slab":12,"minecraft:crafting_table":97,"minecraft:golden_pickaxe":4,"minecraft:brewing_stand":173,"minecraft:spectral_arrow":115,"minecraft:golden_leggings":5,"minecraft:stick":444,"minecraft:gold_ingot":531,"minecraft:composter":1,"minecraft:golden_carrot":98,"minecraft:oak_door":9,"minecraft:fishing_rod":1,"minecraft:furnace":175,"minecraft:oak_trapdoor":2,"minecraft:lead":41,"minecraft:sugar":206,"minecraft:bowl":104,"minecraft:conduit":52,"minecraft:golden_shovel":1,"minecraft:glowstone":1,"minecraft:air":0,"minecraft:oak_boat":17,"minecraft:gold_nugget":1035,"minecraft:fermented_spider_eye":97},"minecraft:custom":{"minecraft:interact_with_crafting_table":600,"minecraft:open_shulker_box":1696,"minecraft:leave_game":86,"minecraft:time_since_death":44,"minecraft:damage_resisted":8813,"minecraft:sprint_one_cm":5182384,"minecraft:drop":2022,"minecraft:talked_to_villager":6,"minecraft:play_time":2973951,"minecraft:deaths":1494,"minecraft:jump":37028,"minecraft:interact_with_brewingstand":2069,"minecraft:walk_on_water_one_cm":377373,"minecraft:interact_with_furnace":396,"minecraft:interact_with_cartography_table":1,"minecraft:damage_dealt":18350,"minecraft:interact_with_beacon":474,"minecraft:crouch_one_cm":304103,"minecraft:inspect_dispenser":157,"minecraft:interact_with_anvil":33,"minecraft:mob_kills":280,"minecraft:inspect_hopper":8,"minecraft:climb_one_cm":2389,"minecraft:walk_one_cm":2971188,"minecraft:sneak_time":184548,"minecraft:walk_under_water_one_cm":958609,"minecraft:boat_one_cm":76353,"minecraft:interact_with_lectern":34,"minecraft:total_world_time":493047,"minecraft:time_since_rest":45,"minecraft:damage_taken":33094,"minecraft:damage_absorbed":30471,"minecraft:trigger_trapped_chest":76,"minecraft:swim_one_cm":1489388,"minecraft:fly_one_cm":8513824,"minecraft:open_chest":967,"minecraft:aviate_one_cm":789233,"minecraft:fall_one_cm":361856},"minecraft:mined":{"minecraft:brewing_stand":58,"minecraft:obsidian":3,"minecraft:grass_block":146,"minecraft:glowstone":84,"minecraft:dirt_path":3,"minecraft:white_shulker_box":45,"minecraft:player_head":1,"minecraft:conduit":2,"minecraft:chest":1,"minecraft:beacon":8,"minecraft:glass":12,"minecraft:cobblestone":193,"minecraft:slime_block":1,"minecraft:oak_planks":262,"minecraft:prismarine":10,"minecraft:black_concrete_powder":1,"minecraft:lapis_block":2,"minecraft:tnt":291,"minecraft:wither_rose":46,"minecraft:sand":341,"minecraft:dirt":318,"minecraft:wither_skeleton_skull":1,"minecraft:piston":1,"minecraft:dark_prismarine":31,"minecraft:redstone_wire":7,"minecraft:oak_trapdoor":1,"minecraft:furnace":79,"minecraft:acacia_trapdoor":1,"minecraft:gold_block":512,"minecraft:stone":295,"minecraft:oak_fence":1,"minecraft:smooth_sandstone":4,"minecraft:crafting_table":8,"minecraft:trapped_chest":1},"minecraft:picked_up":{"minecraft:shulker_shell":21,"minecraft:slime_spawn_egg":2,"minecraft:light_blue_concrete":2,"minecraft:redstone_block":66,"minecraft:anvil":65,"minecraft:suspicious_stew":296,"minecraft:lead":402,"minecraft:diamond_sword":10,"minecraft:calibrated_sculk_sensor":1,"minecraft:golden_shovel":1,"minecraft:wither_rose":171,"minecraft:potion":218,"minecraft:birch_button":1,"minecraft:crimson_planks":48,"minecraft:brewing_stand":232,"minecraft:string":515,"minecraft:beetroot_soup":1,"minecraft:armor_stand":3,"minecraft:netherite_ingot":63,"minecraft:pufferfish":466,"minecraft:experience_bottle":2,"minecraft:oak_sign":14,"minecraft:activator_rail":128,"minecraft:diamond_leggings":8,"minecraft:black_shulker_box":1,"minecraft:gold_nugget":315,"minecraft:bucket":4,"minecraft:written_book":4,"minecraft:ender_eye":206,"minecraft:iron_pickaxe":2,"minecraft:enchanted_golden_apple":336,"minecraft:iron_boots":1,"minecraft:furnace":98,"minecraft:tipped_arrow":3,"minecraft:golden_helmet":2,"minecraft:stick":97,"minecraft:orange_shulker_box":1,"minecraft:oak_fence":16,"minecraft:torch":1,"minecraft:golden_axe":2,"minecraft:shulker_spawn_egg":1,"minecraft:rabbit_foot":116,"minecraft:honey_bottle":2,"minecraft:command_block":72,"minecraft:rotten_flesh":8,"minecraft:iron_block":2,"minecraft:glowstone":659,"minecraft:netherite_chestplate":3,"minecraft:blaze_rod":593,"minecraft:obsidian":418,"minecraft:cod":21,"minecraft:blaze_powder":46,"minecraft:cobblestone":6110,"minecraft:nautilus_shell":572,"minecraft:leather_chestplate":5,"minecraft:cooked_beef":64,"minecraft:magma_cream":109,"minecraft:water_bucket":103,"minecraft:beacon":80,"minecraft:bat_spawn_egg":1,"minecraft:wither_skeleton_skull":2,"minecraft:netherite_leggings":2,"minecraft:dirt":537,"minecraft:name_tag":2,"minecraft:leather_boots":6,"minecraft:glass":781,"minecraft:bone":7,"minecraft:bow":259,"minecraft:diamond_helmet":8,"minecraft:glowstone_dust":423,"minecraft:prismarine":282,"minecraft:oak_planks":7220,"minecraft:honeycomb":64,"minecraft:sand":6665,"minecraft:fermented_spider_eye":3,"minecraft:diamond_block":1,"minecraft:spectral_arrow":1947,"minecraft:trapped_chest":2,"minecraft:dark_prismarine":963,"minecraft:wither_skeleton_spawn_egg":1,"minecraft:black_concrete_powder":4,"minecraft:sugar":9,"minecraft:slime_block":2,"minecraft:diamond":126,"minecraft:angler_pottery_sherd":15,"minecraft:netherite_helmet":2,"minecraft:lever":4,"minecraft:crossbow":1,"minecraft:golden_apple":89,"minecraft:emerald":12,"minecraft:bread":5440,"minecraft:netherrack":130,"minecraft:chorus_fruit":7,"minecraft:oak_leaves":32,"minecraft:nether_star":13,"minecraft:diamond_pickaxe":92,"minecraft:fishing_rod":7,"minecraft:crafting_table":12,"minecraft:dolphin_spawn_egg":65,"minecraft:azure_bluet":71,"minecraft:splash_potion":2670,"minecraft:nether_wart":410,"minecraft:golden_pickaxe":3,"minecraft:leather_leggings":7,"minecraft:structure_block":2,"minecraft:brown_mushroom":237,"minecraft:gold_block":12566,"minecraft:conduit":4,"minecraft:shield":1,"minecraft:wind_charge":3,"minecraft:oak_trapdoor":1,"minecraft:elytra":13,"minecraft:iron_axe":3,"minecraft:flint_and_steel":9,"minecraft:item_frame":1,"minecraft:vex_spawn_egg":2,"minecraft:iron_shovel":1,"minecraft:detector_rail":128,"minecraft:oak_boat":222,"minecraft:player_head":1,"minecraft:poppy":1,"minecraft:minecart":1,"minecraft:blue_shulker_box":1,"minecraft:sugar_cane":205,"minecraft:chest":204,"minecraft:piston":1,"minecraft:phantom_membrane":108,"minecraft:diamond_hoe":1,"minecraft:end_stone":64,"minecraft:stone":94,"minecraft:oak_door":5,"minecraft:bowl":40,"minecraft:stone_button":1,"minecraft:carrot":115,"minecraft:warden_spawn_egg":2,"minecraft:redstone":226,"minecraft:stone_pressure_plate":1,"minecraft:tnt":464,"minecraft:arrow":755,"minecraft:red_shulker_box":3,"minecraft:diamond_chestplate":8,"minecraft:pumpkin_pie":177,"minecraft:nether_bricks":1,"minecraft:diamond_boots":8,"minecraft:gold_ingot":336,"minecraft:totem_of_undying":3,"minecraft:white_shulker_box":69,"minecraft:mutton":2,"minecraft:rail":237,"minecraft:white_wool":1,"minecraft:netherite_boots":2,"minecraft:yellow_shulker_box":6,"minecraft:clock":6,"minecraft:golden_carrot":1,"minecraft:red_mushroom":71,"minecraft:end_portal_frame":1,"minecraft:filled_map":1,"minecraft:mushroom_stew":1,"minecraft:bedrock":1,"minecraft:oak_log":124,"minecraft:gunpowder":479,"minecraft:paper":65,"minecraft:acacia_trapdoor":1,"minecraft:heart_of_the_sea":73,"minecraft:iron_ingot":112,"minecraft:cobweb":1,"minecraft:stone_pickaxe":1,"minecraft:glass_bottle":31,"minecraft:soul_sand":1,"minecraft:sculk_catalyst":9,"minecraft:milk_bucket":14,"minecraft:pumpkin":1,"minecraft:sweet_berries":2,"minecraft:quartz":64,"minecraft:lava_bucket":8,"minecraft:endermite_spawn_egg":2,"minecraft:white_bed":13,"minecraft:sea_lantern":63,"minecraft:spider_eye":111,"minecraft:leather_helmet":7,"minecraft:oak_wood":36,"minecraft:firework_rocket":960,"minecraft:diamond_shovel":85,"minecraft:slime_ball":123,"minecraft:stone_axe":6,"minecraft:diamond_axe":88,"minecraft:birch_sign":1,"minecraft:warped_nylium":1,"minecraft:coal":6788,"minecraft:ender_pearl":34},"minecraft:dropped":{"minecraft:shulker_spawn_egg":63,"minecraft:evoker_spawn_egg":1,"minecraft:crimson_nylium":64,"minecraft:repeating_command_block":1,"minecraft:soul_sand":2,"minecraft:piston":126,"minecraft:brown_mushroom":3,"minecraft:diamond_axe":2,"minecraft:golden_pickaxe":1,"minecraft:glass_bottle":56,"minecraft:nether_star":9,"minecraft:crafting_table":1,"minecraft:warden_spawn_egg":1,"minecraft:cracked_stone_bricks":2,"minecraft:bedrock":28,"minecraft:rail":128,"minecraft:red_mushroom":1,"minecraft:cod":1,"minecraft:gold_block":19,"minecraft:dirt":26,"minecraft:stone_button":1,"minecraft:conduit":2,"minecraft:vex_spawn_egg":1,"minecraft:gold_nugget":343,"minecraft:wooden_sword":1,"minecraft:phantom_membrane":9,"minecraft:sand":1138,"minecraft:sugar":7,"minecraft:black_concrete":4,"minecraft:fermented_spider_eye":2,"minecraft:fishing_rod":1,"minecraft:gold_ingot":203,"minecraft:armor_stand":16,"minecraft:oak_door":1,"minecraft:stone_axe":39,"minecraft:purpur_block":9,"minecraft:sugar_cane":5,"minecraft:lever":64,"minecraft:diamond_block":7,"minecraft:detector_rail":128,"minecraft:obsidian":62,"minecraft:oak_planks":1420,"minecraft:enchanted_golden_apple":4,"minecraft:diamond_shovel":2,"minecraft:end_stone":132,"minecraft:glowstone_dust":45,"minecraft:prismarine":32,"minecraft:blaze_powder":49,"minecraft:recovery_compass":6,"minecraft:carrot":14,"minecraft:rabbit_foot":15,"minecraft:bat_spawn_egg":1,"minecraft:endermite_spawn_egg":2,"minecraft:shulker_shell":1,"minecraft:leather_chestplate":3,"minecraft:sea_lantern":64,"minecraft:gunpowder":6,"minecraft:glowstone":7,"minecraft:chest":46,"minecraft:powered_rail":64,"minecraft:arrow":193,"minecraft:end_stone_bricks":2,"minecraft:glass":14,"minecraft:prismarine_bricks":3,"minecraft:chain_command_block":4,"minecraft:splash_potion":3,"minecraft:netherrack":71,"minecraft:firework_rocket":125,"minecraft:crimson_planks":65,"minecraft:water_bucket":62,"minecraft:iron_ingot":6,"minecraft:bread":128,"minecraft:clock":297,"minecraft:tnt":1,"minecraft:oak_fence":19,"minecraft:barrier":9,"minecraft:cobblestone":633,"minecraft:lead":96,"minecraft:spectral_arrow":57,"minecraft:command_block":141,"minecraft:activator_rail":128,"minecraft:grass_block":65,"minecraft:acacia_trapdoor":1,"minecraft:golden_apple":11,"minecraft:coal":1544,"minecraft:stick":89,"minecraft:calibrated_sculk_sensor":1,"minecraft:pufferfish":34,"minecraft:lava_bucket":1,"minecraft:cobweb":1,"minecraft:iron_block":3,"minecraft:bee_spawn_egg":1,"minecraft:milk_bucket":5,"minecraft:brewing_stand":65,"minecraft:torch":64,"minecraft:repeater":257,"minecraft:yellow_shulker_box":1,"minecraft:potion":78,"minecraft:heart_of_the_sea":1,"minecraft:wither_rose":14,"minecraft:slime_spawn_egg":3,"minecraft:iron_axe":1,"minecraft:string":32,"minecraft:trapped_chest":1,"minecraft:bucket":30,"minecraft:lapis_block":2,"minecraft:redstone_block":324,"minecraft:redstone":89,"minecraft:purpur_pillar":1,"minecraft:furnace":63,"minecraft:warped_nylium":1,"minecraft:oak_trapdoor":128,"minecraft:nether_wart":15,"minecraft:blaze_rod":10,"minecraft:bowl":54,"minecraft:experience_bottle":2,"minecraft:wither_skeleton_skull":2,"minecraft:slime_block":1,"minecraft:structure_block":21,"minecraft:ender_eye":278,"minecraft:name_tag":2,"minecraft:dolphin_spawn_egg":1,"minecraft:white_shulker_box":6,"minecraft:light_blue_concrete":2,"minecraft:nether_bricks":9,"minecraft:totem_of_undying":1,"minecraft:oak_sign":72,"minecraft:glass_pane":64,"minecraft:suspicious_stew":17,"minecraft:filled_map":3,"minecraft:diamond_sword":1,"minecraft:stone":79,"minecraft:black_concrete_powder":3,"minecraft:diamond_pickaxe":6,"minecraft:mossy_stone_bricks":2,"minecraft:oak_boat":54,"minecraft:end_portal_frame":1,"minecraft:carved_pumpkin":1,"minecraft:spider_eye":11,"minecraft:stone_pressure_plate":128,"minecraft:barrel":1,"minecraft:stone_bricks":2,"minecraft:slime_ball":2,"minecraft:beacon":129,"minecraft:bow":63,"minecraft:magma_cream":11,"minecraft:dark_prismarine":36},"minecraft:killed_by":{"minecraft:wither_skeleton":5,"minecraft:dolphin":1,"minecraft:silverfish":1,"minecraft:player":30,"minecraft:slime":1,"minecraft:shulker":216,"minecraft:warden":2}},"DataVersion":3953}